molid,rop18
CID000000007,0.05
CID000003134,0.02
CID000005228,0.27
CID000069689,0.07
CID000099545,0.03
CID000129723,0.01
CID000156414,0.04
CID000156422,0.03
CID000221158,0.07
CID000227502,0.01
CID000253268,0.08
CID000309461,0.01
CID000447966,0.35
CID000599038,0.01
CID000667570,0.33
CID000838889,0.04
CID001489204,0.03
CID001491157,0.05
CID002409198,0.03
CID002787267,0.03
CID005311382,0.03
CID005329477,0.07
CID005329481,0.03
CID005329826,0.15
CID005329841,0.11
CID005330286,0.02
CID006263849,0.07
CID006450551,0.02
CID006538884,0.03
CID006539376,0.03
CID006539394,0.01
CID006539398,0.06
CID006539416,0.02
CID006539426,0.63
CID006539427,0.03
CID006539428,0.76
CID006539452,0.07
CID006539455,0.05
CID006539458,0.04
CID006539461,0.11
CID006539463,0.1
CID006539465,0.02
CID006539467,0.02
CID006539470,0.01
CID006539472,0.13
CID006539473,0.02
CID006539475,0.02
CID006539477,0.0
CID006539480,0.01
CID006539481,0.06
CID006539486,0.01
CID006539492,0.04
CID006539496,0.06
CID006539498,0.05
CID006539501,0.06
CID006539504,0.03
CID006539506,0.02
CID006539507,0.01
CID006539509,0.15
CID006539512,0.01
CID006539513,0.01
CID006539516,0.02
CID006539519,0.06
CID006539523,0.03
CID006539524,0.02
CID006539525,0.14
CID006539528,0.08
CID006539529,0.05
CID006539550,0.05
CID006539565,0.07
CID006539566,0.07
CID006539569,0.02
CID006539571,0.01
CID006539572,0.03
CID006539578,0.01
CID006539579,0.05
CID006539582,0.04
CID006539587,0.02
CID006539588,0.05
CID006539591,0.05
CID006539602,0.04
CID006539605,0.05
CID006539606,0.07
CID006539609,0.04
CID006539610,0.06
CID006539613,0.07
CID006539615,0.03
CID006918454,0.0
CID009814925,0.5
CID009826528,0.0
CID009836050,0.09
CID009836051,0.15
CID009836405,0.45
CID009861063,0.36
CID009865518,0.06
CID009879605,0.39
CID009880709,0.25
CID009888013,0.25
CID009901062,0.04
CID009903786,0.05
CID009914412,0.01
CID009923028,0.06
CID009925372,0.31
CID009925594,0.08
CID009926791,0.02
CID009929101,0.17
CID009935852,0.06
CID009945516,0.31
CID009945696,0.05
CID009958299,0.03
CID010028480,0.02
CID010086873,0.06
CID010135552,0.06
CID010151417,0.04
CID010158539,0.06
CID010161259,0.02
CID010173796,0.19
CID010183216,0.05
CID010186009,0.07
CID010186182,0.06
CID010239038,0.11
CID010267580,0.04
CID010278843,0.01
CID010286382,0.08
CID010287409,0.08
CID010310395,0.06
CID010358578,0.04
CID010452739,0.04
CID010595057,0.02
CID010621826,0.06
CID010639924,0.06
CID010757558,0.08
CID011057468,0.05
CID011133737,0.05
CID011197671,0.02
CID011220119,0.07
CID011224168,0.04
CID011231979,0.06
CID011373846,0.03
CID011427162,0.02
CID011495551,0.03
CID011514099,0.02
CID011524582,0.04
CID011529890,0.19
CID011558948,0.34
CID011594774,0.12
CID011595752,0.11
CID011626560,0.0
CID011633551,0.06
CID011682470,0.21
CID011682680,0.02
CID011712734,0.13
CID011715767,0.63
CID011716589,0.67
CID011793277,0.04
CID011959683,0.02
CID015407403,0.45
CID015521230,0.05
CID015838857,0.04
CID015872399,0.08
CID017754438,0.0
CID017755233,0.04
CID017755746,0.01
CID017917696,0.06
CID018536633,0.02
CID018536646,0.13
CID019879232,0.12
CID021027446,0.06
CID021078798,0.05
CID022049997,0.0
CID022112846,0.03
CID022185475,0.05
CID022609863,0.05
CID023133388,0.09
CID023648887,0.02
CID023648890,0.12
CID023648920,0.06
CID024802788,0.08
CID024802961,0.01
CID024803300,0.06
CID024803301,0.09
CID024803786,0.07
CID024803787,0.07
CID024803957,0.2
CID024804298,0.06
CID024804299,0.01
CID024804780,0.01
CID024804781,0.05
CID024949702,0.05
CID025033539,0.02
CID025093464,0.12
CID025121268,0.05
CID025190912,0.08
CID025190914,0.03
CID025263079,0.03
CID025263084,0.08
CID025263085,0.01
CID025263100,0.02
CID025263102,0.05
CID025263105,0.08
CID025263108,0.02
CID042618144,0.13
CID044269265,0.06
CID044279444,0.03
CID044305551,0.02
CID044305594,0.03
CID044305647,0.02
CID044305812,0.04
CID044305879,0.06
CID044305910,0.03
CID044306199,0.04
CID044328896,0.07
CID044328970,0.42
CID044336137,0.03
CID044336144,0.07
CID044397011,0.06
CID044397192,0.06
CID044397230,0.01
CID044397393,0.05
CID044397687,0.03
CID044433573,0.03
CID044479934,0.08
CID044525485,0.04
CID044525486,0.07
CID044525920,0.06
CID044525921,0.05
CID044525922,0.05
CID044525923,0.01
CID044525924,0.08
CID044525925,0.06
CID044525926,0.06
CID044525927,0.04
CID044525928,0.05
CID044525929,0.05
CID044525930,0.16
CID044525931,0.02
CID044525932,0.04
CID044525933,0.26
CID044525934,0.04
CID044525935,0.05
CID044525936,0.05
CID044525937,0.06
CID044525938,0.16
CID044525939,0.07
CID044525940,0.07
CID044525941,0.06
CID044525942,0.04
CID044525943,0.08
CID044525944,0.05
CID044525945,0.02
CID044525946,0.02
CID044525947,0.17
CID044525948,0.03
CID044525949,0.1
CID044525950,0.02
CID044525951,0.09
CID044525952,0.03
CID044525953,0.02
CID044525954,0.08
CID044525955,0.04
CID044525956,0.06
CID044525957,0.11
CID044525958,0.22
CID044525959,0.01
CID044525960,0.06
CID044525961,0.03
CID044525962,0.06
CID044525963,0.1
CID044525964,0.04
CID044525965,0.05
CID044525966,0.07
CID044525967,0.1
CID044525968,0.03
CID044525969,0.03
CID044525970,0.04
CID044525971,0.02
CID044525972,0.06
CID044525973,0.19
CID044525974,0.06
CID044526068,0.09
CID044526069,0.06
CID044526070,0.1
CID044526071,0.05
CID044526072,0.04
CID044526073,0.06
CID044526074,0.03
CID044526075,0.01
CID044526076,0.04
CID044526077,0.09
CID044526078,0.02
CID044526099,0.08
CID044526685,0.27
CID044526922,0.08
CID044527001,0.06
CID044527361,0.05
CID044527603,0.2
CID044527657,0.06
CID044528946,0.13
CID044528968,0.19
CID044529101,0.4
CID044529112,0.14
CID044529114,0.33
CID044529220,0.91
CID044529229,0.15
CID044529262,0.3
CID044529278,0.25
CID044529279,0.39
CID044529385,0.01
CID044529831,0.12
CID044532102,0.06
CID044532297,0.03
CID044532432,0.05
CID044532433,0.09
CID044532438,0.11
CID044532445,0.02
CID044532446,0.05
CID044532450,0.04
CID044532477,0.19
CID044532478,0.02
CID044532480,0.09
CID044532526,0.05
CID044532531,0.1
CID044532639,0.06
CID044532683,0.11
CID044532690,0.09
CID044532712,0.04
CID044532720,0.43
CID044532737,0.04
CID044532978,0.12
CID044532997,0.22
CID044535870,0.21
CID044536075,0.03
CID044571415,0.09
CID044578252,0.06
CID044578566,0.07
CID044578630,0.07
CID044578709,0.04
CID044591552,0.02
CID044591845,0.06
CID044592364,0.02
CID044592502,0.03
CID045269578,0.09
CID045270417,0.02
CID045271243,0.06
CID045271244,0.04
CID045271247,0.02
CID045272980,0.08
CID045272982,0.09
CID045480848,0.68
CID045481463,1.0
CID046214650,0.06
CID046215644,0.04
CID046215814,0.04
CID046215816,0.05
CID046886665,0.03
CID046927597,0.08
CID046927672,0.04
CID049798353,0.02
CID049862644,0.18
CID049862783,0.05
CID051354036,0.02
CID051354327,0.01
CID051354328,0.03
CID051354901,0.04
CID051355190,0.1
CID051356289,0.08
CID051356852,0.11
CID051356853,0.07
CID051356854,0.17
CID051356855,0.03
CID051356856,0.04
CID051357138,0.04
CID051357696,0.05
CID051357954,0.01
CID053245731,0.05
CID053317178,0.05
CID053322416,0.03
CID053466728,0.07
CID053466951,0.03
CID053467178,0.15
CID053467392,0.11
CID053467617,0.05
CID053469448,0.06
CID053469449,0.06
CID053469453,0.01
CID053469634,0.04
CID053469824,0.02
CID056670156,0.08
CID056673516,0.06
CID056673950,0.14
CID056680318,0.01
CID056683489,0.03
CID057345685,0.75
CID057391365,0.01
CID057394915,0.07
CID057396625,0.22
CID057396626,0.06
CID057396627,0.07
CID057398391,0.04
CID057398392,0.05
CID057400063,0.01
CID057401865,0.03
CID057401867,0.05
CID057403576,0.07
CID057403579,0.03
CID060150509,0.06
CID066561010,0.13
CID066561013,0.03
CID066561090,0.09
CID070683337,0.01
CID070683338,0.03
CID070685440,0.01
CID070685442,0.03
CID070691776,0.12
CID071451677,0.04
