molid,pknb,bglf4,rop18
CID070683337,0.0,0.0,0.01
CID053466951,0.0,0.0,0.03
CID044529279,0.0,0.0,0.39
CID002787267,0.0,0.0,0.03
CID000000007,0.0,0.0,0.05
CID044532438,0.0,0.011,0.11
CID025190912,0.0,0.105,0.08
CID011715767,0.0,0.056,0.63
CID009826528,0.0,0.0,0.0
CID009926791,0.0,0.01,0.02
CID006918454,0.0,0.0,0.0
CID025033539,0.0,0.0,0.02
CID005330286,0.058,0.0,0.02
CID011626560,0.0,0.0,0.0
CID017754438,0.0,0.0,0.0
CID022049997,0.0,0.0,0.0
CID006450551,0.056,0.0,0.02
CID010452739,0.0,0.0,0.04
CID023133388,0.0,0.0,0.09
CID044305910,0.0,0.042,0.03
CID010173796,0.42,0.073,0.19
CID000599038,0.046,0.0,0.01
CID000156414,0.008,0.012,0.04
CID044526070,0.0,0.0,0.1
CID044578566,0.0,0.031,0.07
CID044529220,0.0,0.0,0.91
CID009836050,0.0,0.042,0.09
CID056673516,0.083,0.0,0.06
CID044526073,0.0,0.0,0.06
CID051354036,0.0,0.0,0.02
CID019879232,0.0,0.0,0.12
CID045269578,0.0,0.0,0.09
CID044525926,0.0,0.028,0.06
CID066561010,0.0,0.05,0.13
CID010287409,0.017,0.0,0.08
CID006539606,0.0,0.0,0.07
CID053322416,0.0,0.0,0.03
CID006539572,0.0,0.0,0.03
CID060150509,0.0,0.0,0.06
CID051355190,0.0,0.0,0.1
CID010086873,0.049,0.011,0.06
CID044578630,0.038,0.025,0.07
CID044525940,0.008,0.043,0.07
CID025121268,0.0,0.0,0.05
CID006539455,0.0,0.021,0.05
CID011427162,0.051,0.0,0.02
CID010161259,0.0,0.0,0.02
CID046215816,0.0,0.018,0.05
CID044526071,0.0,0.0,0.05
CID057394915,0.0,0.0,0.07
CID044525924,0.001,0.0,0.08
CID023648890,0.003,0.09,0.12
CID057396626,0.0,0.0,0.06
CID010639924,0.0,0.0,0.06
CID006539571,0.0,0.05,0.01
CID024802961,0.0,0.12,0.01
CID044527361,0.0,0.009,0.05
CID051356852,0.0,0.068,0.11
CID009865518,0.0,0.0,0.06
CID044525957,0.0,0.0,0.11
CID044525958,0.0,0.018,0.22
CID044525921,0.0,0.0,0.05
CID022112846,0.0,0.0,0.03
CID044578709,0.0,0.0,0.04
CID006539398,0.0,0.0,0.06
CID006539501,0.0,0.0,0.06
CID053469449,0.0,0.0,0.06
CID024804781,0.0,0.12,0.05
CID044527657,0.023,0.049,0.06
CID006539467,0.0,0.0,0.02
CID045272980,0.0,0.0,0.08
CID044526099,0.076,0.133,0.08
CID044532720,0.0,0.611,0.43
CID006539613,0.051,0.035,0.07
CID009958299,0.0,0.0,0.03
CID044525953,0.0,0.0,0.02
CID044532478,0.0,0.0,0.02
CID044525486,0.0,0.0,0.07
CID009945516,0.0,0.0,0.31
CID011133737,0.0,0.0,0.05
CID006539498,0.0,0.0,0.05
CID006539465,0.0,0.015,0.02
CID044525974,0.0,0.0,0.06
CID056670156,0.0,0.0,0.08
CID025263108,0.0,0.07,0.02
CID053317178,0.0,0.014,0.05
CID066561090,0.0,0.0,0.09
CID011529890,0.0,0.0,0.19
CID006539426,0.052,0.0,0.63
CID051356855,0.007,0.002,0.03
CID044529278,0.0,0.026,0.25
CID051354327,0.044,0.0,0.01
CID024804298,0.0,0.094,0.06
CID044532690,0.007,0.046,0.09
CID044525951,0.0,0.0,0.09
CID044529262,0.002,0.03,0.3
CID005329826,0.0,0.0,0.15
CID051357138,0.0,0.007,0.04
CID011224168,0.0,0.027,0.04
CID044279444,0.0,0.0,0.03
CID044525965,0.0,0.009,0.05
CID006539512,0.024,0.022,0.01
CID044525922,0.0,0.0,0.05
CID046927672,0.0,0.0,0.04
CID006539475,0.0,0.0,0.02
CID006539458,0.007,0.037,0.04
CID044525942,0.0,0.006,0.04
CID044532477,0.031,0.072,0.19
CID044397393,0.0,0.0,0.05
CID044532737,0.0,0.0,0.04
CID009901062,0.0,0.0,0.04
CID044525967,0.025,0.0,0.1
CID044525964,0.008,0.151,0.04
CID044571415,0.0,0.0,0.09
CID051356856,0.0,0.0,0.04
CID044525935,0.0,0.004,0.05
CID044525954,0.091,0.046,0.08
CID044532446,0.023,0.061,0.05
CID071451677,0.0,0.0,0.04
CID044591845,0.0,0.0,0.06
CID044532526,0.0,0.0,0.05
CID044525930,0.0,0.0,0.16
CID044525949,0.008,0.0,0.1
CID044525920,0.0,0.0,0.06
CID044525941,0.022,0.0,0.06
CID044397687,0.0,0.0,0.03
CID005329477,0.0,0.03,0.07
CID009879605,0.039,0.058,0.39
CID009903786,0.151,0.497,0.05
CID053466728,0.051,0.0,0.07
CID009935852,0.0,0.0,0.06
CID006539477,0.0,0.0,0.0
CID009880709,0.005,0.049,0.25
CID000069689,0.0,0.0,0.07
CID044525962,0.0,0.0,0.06
CID009836405,0.0,0.0,0.45
CID010358578,0.0,0.011,0.04
CID025263079,0.0,0.0,0.03
CID044525963,0.0,0.0,0.1
CID015407403,0.0,0.0,0.45
CID044525936,0.025,0.043,0.05
CID044525952,0.0,0.072,0.03
CID006539519,0.0,0.0,0.06
CID006539416,0.0,0.032,0.02
CID006539591,0.0,0.0,0.05
CID046927597,0.0,0.0,0.08
CID051354901,0.0,0.0,0.04
CID006539566,0.0,0.0,0.07
CID011514099,0.0,0.0,0.02
CID044525932,0.0,0.0,0.04
CID051354328,0.011,0.038,0.03
CID000099545,0.0,0.019,0.03
CID006539507,0.0,0.0,0.01
CID044526068,0.0,0.0,0.09
CID044525931,0.0,0.0,0.02
CID025263105,0.0,0.038,0.08
CID044532683,0.0,0.045,0.11
CID044525948,0.01,0.014,0.03
CID056673950,0.055,0.078,0.14
CID044525956,0.0,0.0,0.06
CID044525923,0.0,0.0,0.01
CID044525961,0.0,0.0,0.03
CID000005228,0.034,0.033,0.27
CID044525934,0.01,0.037,0.04
CID053469448,0.0,0.0,0.06
CID053245731,0.017,0.099,0.05
CID057401865,0.018,0.05,0.03
CID006539452,0.0,0.023,0.07
CID009861063,0.0,0.0,0.36
CID024949702,0.001,0.0,0.05
CID053467392,0.0,0.0,0.11
CID044328970,0.0,0.0,0.42
CID044528968,0.0,0.0,0.19
CID045270417,0.0,0.0,0.02
CID024803957,0.0,0.052,0.2
CID044525945,0.037,0.03,0.02
CID070685440,0.029,0.0,0.01
CID045272982,0.089,0.1,0.09
CID045481463,,,1.0
CID044525955,0.0,0.0,0.04
CID011595752,0.0,0.01,0.11
CID006263849,0.0,0.0,0.07
CID006539550,0.021,0.064,0.05
CID044532432,0.0,0.0,0.05
CID070683338,0.0,0.0,0.03
CID006539376,0.021,0.049,0.03
CID006539427,0.0,0.007,0.03
CID044525972,0.0,0.0,0.06
CID017917696,0.016,0.033,0.06
CID057403579,0.0,0.014,0.03
CID024803301,0.0,0.111,0.09
CID010239038,0.064,0.0,0.11
CID006539582,0.0,0.0,0.04
CID044525966,0.0,0.0,0.07
CID044526076,0.006,0.0,0.04
CID057398392,0.025,0.0,0.05
CID000227502,0.0,0.0,0.01
CID056680318,0.007,0.0,0.01
CID022185475,0.0,0.139,0.05
CID011057468,0.0,0.007,0.05
CID006538884,0.0,0.0,0.03
CID044525968,0.0,0.0,0.03
CID006539525,0.0,0.0,0.14
CID044269265,0.009,0.022,0.06
CID046215644,0.0,0.054,0.04
CID044532102,0.0,0.0,0.06
CID006539509,0.003,0.027,0.15
CID044525929,0.0,0.0,0.05
CID044532450,0.0,0.007,0.04
CID018536646,0.0,0.0,0.13
CID017755746,0.0,0.0,0.01
CID006539394,0.0,0.0,0.01
CID011682470,0.0,0.005,0.21
CID018536633,0.052,0.057,0.02
CID044526075,0.0,0.0,0.01
CID044479934,0.0,0.0,0.08
CID011682680,0.0,0.0,0.02
CID057403576,0.0,0.0,0.07
CID044527603,0.0,0.0,0.2
CID044525933,0.0,0.0,0.26
CID045271247,0.014,0.0,0.02
CID044525925,0.0,0.0,0.06
CID009925372,0.049,0.0,0.31
CID006539523,0.0,0.0,0.03
CID011594774,0.032,0.013,0.12
CID010286382,0.007,0.033,0.08
CID009925594,0.035,0.0,0.08
CID021027446,0.0,0.0,0.06
CID009914412,0.0,0.0,0.01
CID006539480,0.0,0.016,0.01
CID044525927,0.0,0.0,0.04
CID053469453,0.0,0.0,0.01
CID006539516,0.053,0.007,0.02
CID044536075,0.0,0.0,0.03
CID044328896,0.025,0.009,0.07
CID006539578,0.003,0.057,0.01
CID025263084,0.0,0.011,0.08
CID044526069,0.0,0.0,0.06
CID006539565,0.0,0.0,0.07
CID044592364,0.0,0.039,0.02
CID006539486,0.0,0.0,0.01
CID044578252,0.0,0.0,0.06
CID044532639,0.0,0.0,0.06
CID009929101,0.0,0.0,0.17
CID006539472,0.0,0.034,0.13
CID024804780,0.0,0.056,0.01
CID017755233,0.0,0.0,0.04
CID044525939,0.0,0.0,0.07
CID010278843,0.0,0.0,0.01
CID044525959,0.0,0.0,0.01
CID025093464,0.0,0.0,0.12
CID006539506,0.012,0.044,0.02
CID044529229,0.058,0.079,0.15
CID006539461,0.0,0.0,0.11
CID000447966,0.0,0.0,0.35
CID044532445,0.0,0.0,0.02
CID044433573,0.0,0.0,0.03
CID006539602,0.0,0.007,0.04
CID006539513,0.0,0.044,0.01
CID001489204,0.0,0.01,0.03
CID053467178,0.019,0.0,0.15
CID044529385,0.0,0.031,0.01
CID006539473,0.0,0.0,0.02
CID006539605,0.0,0.0,0.05
CID044305812,0.0,0.0,0.04
CID009923028,0.0,0.0,0.06
CID044525960,0.0,0.0,0.06
CID044525485,0.004,0.0,0.04
CID011231979,0.0,0.039,0.06
CID044525970,0.043,0.011,0.04
CID044525937,0.0,0.0,0.06
CID044529831,0.065,0.068,0.12
CID024803300,0.0,0.006,0.06
CID009836051,0.0,0.0,0.15
CID006539610,0.0,0.0,0.06
CID044529101,0.0,0.0,0.4
CID011524582,0.0,0.028,0.04
CID010595057,0.0,0.019,0.02
CID009814925,0.0,0.002,0.5
CID044532297,0.0,0.0,0.03
CID051356854,0.0,0.12,0.17
CID044528946,0.0,0.0,0.13
CID006539587,0.0,0.0,0.02
CID010267580,0.0,0.0717,0.04
CID044525928,0.0,0.0,0.05
CID044525946,0.011,0.0,0.02
CID057401867,0.0,0.014,0.05
CID010186182,0.0,0.0,0.06
CID044525973,0.0,0.0,0.19
CID044527001,0.0,0.0,0.06
CID006539496,0.048,0.029,0.06
CID011373846,0.0,0.0,0.03
CID044306199,0.026,0.037,0.04
CID044529112,0.046,0.0,0.14
CID057396627,0.0,0.0,0.07
CID046214650,0.0,0.0,0.06
CID006539504,0.0,0.007,0.03
CID044525944,0.0,0.0,0.05
CID049862644,0.0,0.0,0.18
CID049798353,0.0,0.0,0.02
CID011712734,0.079,0.001,0.13
CID002409198,0.046,0.03,0.03
CID000156422,0.0,0.0,0.03
CID057398391,0.0,0.033,0.04
CID044336137,0.0,0.024,0.03
CID006539428,0.0,0.0,0.76
CID044526072,0.0,0.027,0.04
CID005329481,0.0,0.0,0.03
CID044532978,0.0,0.0,0.12
CID000253268,0.046,0.036,0.08
CID044525971,0.0,0.0,0.02
CID006539615,0.0,0.0,0.03
CID044305551,0.0,0.0,0.02
CID053469824,0.0,0.0,0.02
CID044305879,0.0,0.0,0.06
CID025190914,0.003,0.053,0.03
CID006539481,0.0,0.0,0.06
CID051356853,0.0,0.162,0.07
CID044525938,0.0,0.021,0.16
CID010186009,0.0,0.017,0.07
CID015872399,0.0,0.0,0.08
CID044532997,0.0,0.0,0.22
CID051356289,0.0,0.191,0.08
CID011793277,0.0,0.003,0.04
CID006539579,0.044,0.053,0.05
CID010028480,0.0,0.0,0.02
CID044526074,0.0,0.0,0.03
CID044305647,0.0,0.041,0.02
CID044525947,0.0,0.0,0.17
CID006539569,0.004,0.032,0.02
CID044535870,0.018,0.0,0.21
CID044397192,0.022,0.133,0.06
CID044525950,0.0,0.0,0.02
CID044526078,0.001,0.0,0.02
CID044526685,0.0,0.0,0.27
CID006539492,0.0,0.065,0.04
CID021078798,0.0,0.023,0.05
CID046215814,0.0,0.354,0.04
CID006539524,0.0,0.008,0.02
CID044397011,0.0,0.0,0.06
CID044305594,0.0,0.007,0.03
CID006539529,0.054,0.096,0.05
CID044592502,0.0,0.284,0.03
CID010310395,0.006,0.0,0.06
CID057345685,0.0,0.0,0.75
CID049862783,0.0,0.0,0.05
CID070685442,0.0,0.0,0.03
CID000667570,0.008,0.0,0.33
CID006539609,0.0,0.0,0.04
CID009888013,0.0,0.0,0.25
CID010158539,0.0,0.0,0.06
CID044525943,0.0,0.0,0.08
CID010621826,0.0,0.0,0.06
CID015521230,0.034,0.0,0.05
CID044591552,0.0,0.048,0.02
CID044532480,0.0,0.017,0.09
CID011197671,0.0,0.0,0.02
CID000838889,0.0,0.0,0.04
CID045480848,,,0.68
CID044529114,0.0,0.0,0.33
CID010183216,0.02,0.077,0.05
CID070691776,0.0,0.0,0.12
CID024804299,0.0,0.022,0.01
CID009945696,0.013,0.0,0.05
CID057396625,0.0,0.0,0.22
CID044532433,0.0,0.0,0.09
CID015838857,0.0,0.0,0.04
CID044526077,0.0,0.0,0.09
CID011495551,0.006,0.011,0.03
CID011558948,0.0,0.0,0.34
CID025263100,0.0,0.01,0.02
CID023648887,0.032,0.091,0.02
CID010151417,0.0,0.02,0.04
CID006539588,0.0,0.001,0.05
CID006539470,0.0,0.0,0.01
CID044526922,0.0,0.0,0.08
CID044532712,0.0,0.0,0.04
CID005311382,0.018,0.0,0.03
CID046886665,0.403,0.019,0.03
CID023648920,0.009,0.0,0.06
CID042618144,0.0,0.0,0.13
CID006539463,0.0,0.0,0.1
CID024803787,0.0,0.085,0.07
CID006539528,0.198,0.008,0.08
CID024803786,0.062,0.089,0.07
CID011633551,0.0,0.02,0.06
CID044397230,0.0,0.0,0.01
CID010135552,0.015,0.0,0.06
CID045271244,0.0,0.0,0.04
CID045271243,0.0,0.0,0.06
CID056683489,0.0,0.082,0.03
CID010757558,,,0.08
CID044532531,0.0,0.018,0.1
CID000129723,0.0,0.0,0.01
CID005329841,0.0,0.0,0.11
CID051357954,0.0,0.0,0.01
CID066561013,0.0,0.0,0.03
CID025263085,0.0,0.092,0.01
CID044525969,0.0,0.0,0.03
CID044336144,0.0,0.0,0.07
CID053467617,0.0,0.0,0.05
CID025263102,0.0,0.0,0.05
CID022609863,0.0,0.008,0.05
CID011716589,0.0,0.0285,0.67
CID053469634,0.0,0.0,0.04
CID011220119,0.0,0.0,0.07
CID001491157,0.0,0.0,0.05
CID024802788,0.0,0.034,0.08
CID000003134,0.0,0.014,0.02
CID051357696,0.0,0.0,0.05
CID057400063,0.045,0.007,0.01
CID057391365,0.0,0.0,0.01
CID000221158,0.0,0.0,0.07
CID000309461,0.0,0.033,0.01
CID011959683,0.347,0.021,0.02
